doctor_name,area_of_specialization,timings_available,slot_datetime
Dr. Priya Sharma,Cardiology,Mon-Sat 9AM-1PM,2026-05-02 09:00:00
Dr. Priya Sharma,Cardiology,Mon-Sat 9AM-1PM,2026-05-02 09:30:00
Dr. Priya Sharma,Cardiology,Mon-Sat 9AM-1PM,2026-05-02 10:00:00
Dr. Priya Sharma,Cardiology,Mon-Sat 9AM-1PM,2026-05-02 10:30:00
Dr. Priya Sharma,Cardiology,Mon-Sat 9AM-1PM,2026-05-02 11:00:00
Dr. Priya Sharma,Cardiology,Mon-Sat 9AM-1PM,2026-05-03 09:00:00
Dr. Priya Sharma,Cardiology,Mon-Sat 9AM-1PM,2026-05-03 09:30:00
Dr. Priya Sharma,Cardiology,Mon-Sat 9AM-1PM,2026-05-03 10:00:00
Dr. Priya Sharma,Cardiology,Mon-Sat 9AM-1PM,2026-05-04 09:00:00
Dr. Priya Sharma,Cardiology,Mon-Sat 9AM-1PM,2026-05-04 10:30:00
Dr. Rahul Mehta,Orthopedics,Tue-Sun 11AM-4PM,2026-05-05 11:00:00
Dr. Rahul Mehta,Orthopedics,Tue-Sun 11AM-4PM,2026-05-05 11:30:00
Dr. Rahul Mehta,Orthopedics,Tue-Sun 11AM-4PM,2026-05-05 12:00:00
Dr. Rahul Mehta,Orthopedics,Tue-Sun 11AM-4PM,2026-05-05 12:30:00
Dr. Rahul Mehta,Orthopedics,Tue-Sun 11AM-4PM,2026-05-06 11:00:00
Dr. Rahul Mehta,Orthopedics,Tue-Sun 11AM-4PM,2026-05-06 11:30:00
Dr. Rahul Mehta,Orthopedics,Tue-Sun 11AM-4PM,2026-05-06 13:00:00
Dr. Rahul Mehta,Orthopedics,Tue-Sun 11AM-4PM,2026-05-07 11:00:00
Dr. Rahul Mehta,Orthopedics,Tue-Sun 11AM-4PM,2026-05-07 13:30:00
Dr. Rahul Mehta,Orthopedics,Tue-Sun 11AM-4PM,2026-05-08 12:00:00
Dr. Ananya Reddy,Dermatology,Mon-Fri 10AM-2PM,2026-05-04 10:00:00
Dr. Ananya Reddy,Dermatology,Mon-Fri 10AM-2PM,2026-05-04 10:30:00
Dr. Ananya Reddy,Dermatology,Mon-Fri 10AM-2PM,2026-05-04 11:00:00
Dr. Ananya Reddy,Dermatology,Mon-Fri 10AM-2PM,2026-05-05 10:00:00
Dr. Ananya Reddy,Dermatology,Mon-Fri 10AM-2PM,2026-05-05 11:30:00
Dr. Ananya Reddy,Dermatology,Mon-Fri 10AM-2PM,2026-05-06 10:00:00
Dr. Ananya Reddy,Dermatology,Mon-Fri 10AM-2PM,2026-05-06 12:00:00
Dr. Ananya Reddy,Dermatology,Mon-Fri 10AM-2PM,2026-05-07 10:30:00
Dr. Ananya Reddy,Dermatology,Mon-Fri 10AM-2PM,2026-05-07 11:00:00
Dr. Ananya Reddy,Dermatology,Mon-Fri 10AM-2PM,2026-05-08 13:00:00
Dr. Vikram Nair,Neurology,Mon-Wed-Fri 2PM-6PM,2026-05-04 14:00:00
Dr. Vikram Nair,Neurology,Mon-Wed-Fri 2PM-6PM,2026-05-04 14:30:00
Dr. Vikram Nair,Neurology,Mon-Wed-Fri 2PM-6PM,2026-05-04 15:00:00
Dr. Vikram Nair,Neurology,Mon-Wed-Fri 2PM-6PM,2026-05-06 14:00:00
Dr. Vikram Nair,Neurology,Mon-Wed-Fri 2PM-6PM,2026-05-06 15:30:00
Dr. Vikram Nair,Neurology,Mon-Wed-Fri 2PM-6PM,2026-05-06 16:00:00
Dr. Vikram Nair,Neurology,Mon-Wed-Fri 2PM-6PM,2026-05-08 14:00:00
Dr. Vikram Nair,Neurology,Mon-Wed-Fri 2PM-6PM,2026-05-08 15:00:00
Dr. Vikram Nair,Neurology,Mon-Wed-Fri 2PM-6PM,2026-05-11 14:30:00
Dr. Vikram Nair,Neurology,Mon-Wed-Fri 2PM-6PM,2026-05-11 16:00:00
Dr. Sonal Gupta,Gynecology,Mon-Sat 8AM-12PM,2026-05-02 08:00:00
Dr. Sonal Gupta,Gynecology,Mon-Sat 8AM-12PM,2026-05-02 08:30:00
Dr. Sonal Gupta,Gynecology,Mon-Sat 8AM-12PM,2026-05-02 09:00:00
Dr. Sonal Gupta,Gynecology,Mon-Sat 8AM-12PM,2026-05-03 08:00:00
Dr. Sonal Gupta,Gynecology,Mon-Sat 8AM-12PM,2026-05-03 09:30:00
Dr. Sonal Gupta,Gynecology,Mon-Sat 8AM-12PM,2026-05-04 08:00:00
Dr. Sonal Gupta,Gynecology,Mon-Sat 8AM-12PM,2026-05-05 08:30:00
Dr. Sonal Gupta,Gynecology,Mon-Sat 8AM-12PM,2026-05-05 10:00:00
Dr. Sonal Gupta,Gynecology,Mon-Sat 8AM-12PM,2026-05-06 09:00:00
Dr. Sonal Gupta,Gynecology,Mon-Sat 8AM-12PM,2026-05-07 11:00:00
Dr. Arjun Patel,Pediatrics,Mon-Sat 10AM-5PM,2026-05-02 10:00:00
Dr. Arjun Patel,Pediatrics,Mon-Sat 10AM-5PM,2026-05-02 11:00:00
Dr. Arjun Patel,Pediatrics,Mon-Sat 10AM-5PM,2026-05-02 14:00:00
Dr. Arjun Patel,Pediatrics,Mon-Sat 10AM-5PM,2026-05-03 10:30:00
Dr. Arjun Patel,Pediatrics,Mon-Sat 10AM-5PM,2026-05-03 13:00:00
Dr. Arjun Patel,Pediatrics,Mon-Sat 10AM-5PM,2026-05-04 11:00:00
Dr. Arjun Patel,Pediatrics,Mon-Sat 10AM-5PM,2026-05-04 14:00:00
Dr. Arjun Patel,Pediatrics,Mon-Sat 10AM-5PM,2026-05-05 10:00:00
Dr. Arjun Patel,Pediatrics,Mon-Sat 10AM-5PM,2026-05-05 15:00:00
Dr. Arjun Patel,Pediatrics,Mon-Sat 10AM-5PM,2026-05-06 11:30:00
Dr. Meena Iyer,Endocrinology,Tue-Thu-Sat 9AM-3PM,2026-05-05 09:00:00
Dr. Meena Iyer,Endocrinology,Tue-Thu-Sat 9AM-3PM,2026-05-05 09:30:00
Dr. Meena Iyer,Endocrinology,Tue-Thu-Sat 9AM-3PM,2026-05-05 10:30:00
Dr. Meena Iyer,Endocrinology,Tue-Thu-Sat 9AM-3PM,2026-05-07 09:00:00
Dr. Meena Iyer,Endocrinology,Tue-Thu-Sat 9AM-3PM,2026-05-07 10:00:00
Dr. Meena Iyer,Endocrinology,Tue-Thu-Sat 9AM-3PM,2026-05-07 11:00:00
Dr. Meena Iyer,Endocrinology,Tue-Thu-Sat 9AM-3PM,2026-05-09 09:30:00
Dr. Meena Iyer,Endocrinology,Tue-Thu-Sat 9AM-3PM,2026-05-09 10:00:00
Dr. Meena Iyer,Endocrinology,Tue-Thu-Sat 9AM-3PM,2026-05-09 13:00:00
Dr. Meena Iyer,Endocrinology,Tue-Thu-Sat 9AM-3PM,2026-05-12 11:00:00
Dr. Kiran Rao,Ophthalmology,Mon-Fri 9AM-1PM,2026-05-04 09:00:00
Dr. Kiran Rao,Ophthalmology,Mon-Fri 9AM-1PM,2026-05-04 09:30:00
Dr. Kiran Rao,Ophthalmology,Mon-Fri 9AM-1PM,2026-05-04 10:00:00
Dr. Kiran Rao,Ophthalmology,Mon-Fri 9AM-1PM,2026-05-05 09:00:00
Dr. Kiran Rao,Ophthalmology,Mon-Fri 9AM-1PM,2026-05-05 10:30:00
Dr. Kiran Rao,Ophthalmology,Mon-Fri 9AM-1PM,2026-05-06 09:00:00
Dr. Kiran Rao,Ophthalmology,Mon-Fri 9AM-1PM,2026-05-06 11:00:00
Dr. Kiran Rao,Ophthalmology,Mon-Fri 9AM-1PM,2026-05-07 09:30:00
Dr. Kiran Rao,Ophthalmology,Mon-Fri 9AM-1PM,2026-05-07 12:00:00
Dr. Kiran Rao,Ophthalmology,Mon-Fri 9AM-1PM,2026-05-08 10:00:00
Dr. Suresh Krishnan,Gastroenterology,Mon-Sat 10AM-3PM,2026-05-02 10:00:00
Dr. Suresh Krishnan,Gastroenterology,Mon-Sat 10AM-3PM,2026-05-02 11:00:00
Dr. Suresh Krishnan,Gastroenterology,Mon-Sat 10AM-3PM,2026-05-03 10:30:00
Dr. Suresh Krishnan,Gastroenterology,Mon-Sat 10AM-3PM,2026-05-03 12:00:00
Dr. Suresh Krishnan,Gastroenterology,Mon-Sat 10AM-3PM,2026-05-04 10:00:00
Dr. Suresh Krishnan,Gastroenterology,Mon-Sat 10AM-3PM,2026-05-04 13:00:00
Dr. Suresh Krishnan,Gastroenterology,Mon-Sat 10AM-3PM,2026-05-05 11:00:00
Dr. Suresh Krishnan,Gastroenterology,Mon-Sat 10AM-3PM,2026-05-06 10:00:00
Dr. Suresh Krishnan,Gastroenterology,Mon-Sat 10AM-3PM,2026-05-07 12:30:00
Dr. Suresh Krishnan,Gastroenterology,Mon-Sat 10AM-3PM,2026-05-08 11:00:00
Dr. Deepa Menon,Psychiatry,Mon-Fri 11AM-4PM,2026-05-04 11:00:00
Dr. Deepa Menon,Psychiatry,Mon-Fri 11AM-4PM,2026-05-04 12:00:00
Dr. Deepa Menon,Psychiatry,Mon-Fri 11AM-4PM,2026-05-04 13:00:00
Dr. Deepa Menon,Psychiatry,Mon-Fri 11AM-4PM,2026-05-05 11:30:00
Dr. Deepa Menon,Psychiatry,Mon-Fri 11AM-4PM,2026-05-05 14:00:00
Dr. Deepa Menon,Psychiatry,Mon-Fri 11AM-4PM,2026-05-06 12:00:00
Dr. Deepa Menon,Psychiatry,Mon-Fri 11AM-4PM,2026-05-06 13:30:00
Dr. Deepa Menon,Psychiatry,Mon-Fri 11AM-4PM,2026-05-07 11:00:00
Dr. Deepa Menon,Psychiatry,Mon-Fri 11AM-4PM,2026-05-07 15:00:00
Dr. Deepa Menon,Psychiatry,Mon-Fri 11AM-4PM,2026-05-08 12:00:00
Dr. Anil Verma,Urology,Tue-Sat 9AM-2PM,2026-05-05 09:00:00
Dr. Anil Verma,Urology,Tue-Sat 9AM-2PM,2026-05-05 09:30:00
Dr. Anil Verma,Urology,Tue-Sat 9AM-2PM,2026-05-05 11:00:00
Dr. Anil Verma,Urology,Tue-Sat 9AM-2PM,2026-05-06 09:00:00
Dr. Anil Verma,Urology,Tue-Sat 9AM-2PM,2026-05-06 10:30:00
Dr. Anil Verma,Urology,Tue-Sat 9AM-2PM,2026-05-07 09:00:00
Dr. Anil Verma,Urology,Tue-Sat 9AM-2PM,2026-05-07 10:00:00
Dr. Anil Verma,Urology,Tue-Sat 9AM-2PM,2026-05-08 09:30:00
Dr. Anil Verma,Urology,Tue-Sat 9AM-2PM,2026-05-09 11:00:00
Dr. Anil Verma,Urology,Tue-Sat 9AM-2PM,2026-05-09 13:00:00
Dr. Lakshmi Pillai,Pulmonology,Mon-Wed-Fri 10AM-3PM,2026-05-04 10:00:00
Dr. Lakshmi Pillai,Pulmonology,Mon-Wed-Fri 10AM-3PM,2026-05-04 11:00:00
Dr. Lakshmi Pillai,Pulmonology,Mon-Wed-Fri 10AM-3PM,2026-05-04 12:30:00
Dr. Lakshmi Pillai,Pulmonology,Mon-Wed-Fri 10AM-3PM,2026-05-06 10:00:00
Dr. Lakshmi Pillai,Pulmonology,Mon-Wed-Fri 10AM-3PM,2026-05-06 11:30:00
Dr. Lakshmi Pillai,Pulmonology,Mon-Wed-Fri 10AM-3PM,2026-05-06 14:00:00
Dr. Lakshmi Pillai,Pulmonology,Mon-Wed-Fri 10AM-3PM,2026-05-08 10:30:00
Dr. Lakshmi Pillai,Pulmonology,Mon-Wed-Fri 10AM-3PM,2026-05-08 12:00:00
Dr. Lakshmi Pillai,Pulmonology,Mon-Wed-Fri 10AM-3PM,2026-05-11 11:00:00
Dr. Lakshmi Pillai,Pulmonology,Mon-Wed-Fri 10AM-3PM,2026-05-11 13:00:00
Dr. Rajesh Bose,Oncology,Mon-Fri 9AM-12PM,2026-05-04 09:00:00
Dr. Rajesh Bose,Oncology,Mon-Fri 9AM-12PM,2026-05-04 09:30:00
Dr. Rajesh Bose,Oncology,Mon-Fri 9AM-12PM,2026-05-05 09:00:00
Dr. Rajesh Bose,Oncology,Mon-Fri 9AM-12PM,2026-05-05 10:00:00
Dr. Rajesh Bose,Oncology,Mon-Fri 9AM-12PM,2026-05-06 09:30:00
Dr. Rajesh Bose,Oncology,Mon-Fri 9AM-12PM,2026-05-06 11:00:00
Dr. Rajesh Bose,Oncology,Mon-Fri 9AM-12PM,2026-05-07 09:00:00
Dr. Rajesh Bose,Oncology,Mon-Fri 9AM-12PM,2026-05-07 10:30:00
Dr. Rajesh Bose,Oncology,Mon-Fri 9AM-12PM,2026-05-08 09:00:00
Dr. Rajesh Bose,Oncology,Mon-Fri 9AM-12PM,2026-05-08 11:00:00
Dr. Nisha Kapoor,Rheumatology,Tue-Thu-Sat 10AM-2PM,2026-05-05 10:00:00
Dr. Nisha Kapoor,Rheumatology,Tue-Thu-Sat 10AM-2PM,2026-05-05 10:30:00
Dr. Nisha Kapoor,Rheumatology,Tue-Thu-Sat 10AM-2PM,2026-05-05 12:00:00
Dr. Nisha Kapoor,Rheumatology,Tue-Thu-Sat 10AM-2PM,2026-05-07 10:00:00
Dr. Nisha Kapoor,Rheumatology,Tue-Thu-Sat 10AM-2PM,2026-05-07 11:30:00
Dr. Nisha Kapoor,Rheumatology,Tue-Thu-Sat 10AM-2PM,2026-05-07 13:00:00
Dr. Nisha Kapoor,Rheumatology,Tue-Thu-Sat 10AM-2PM,2026-05-09 10:00:00
Dr. Nisha Kapoor,Rheumatology,Tue-Thu-Sat 10AM-2PM,2026-05-09 11:00:00
Dr. Nisha Kapoor,Rheumatology,Tue-Thu-Sat 10AM-2PM,2026-05-09 13:30:00
Dr. Nisha Kapoor,Rheumatology,Tue-Thu-Sat 10AM-2PM,2026-05-12 10:30:00
Dr. Sandeep Joshi,Nephrology,Mon-Sat 8AM-1PM,2026-05-02 08:00:00
Dr. Sandeep Joshi,Nephrology,Mon-Sat 8AM-1PM,2026-05-02 09:00:00
Dr. Sandeep Joshi,Nephrology,Mon-Sat 8AM-1PM,2026-05-02 10:30:00
Dr. Sandeep Joshi,Nephrology,Mon-Sat 8AM-1PM,2026-05-03 08:30:00
Dr. Sandeep Joshi,Nephrology,Mon-Sat 8AM-1PM,2026-05-03 10:00:00
Dr. Sandeep Joshi,Nephrology,Mon-Sat 8AM-1PM,2026-05-04 08:00:00
Dr. Sandeep Joshi,Nephrology,Mon-Sat 8AM-1PM,2026-05-05 09:00:00
Dr. Sandeep Joshi,Nephrology,Mon-Sat 8AM-1PM,2026-05-06 08:30:00
Dr. Sandeep Joshi,Nephrology,Mon-Sat 8AM-1PM,2026-05-07 11:00:00
Dr. Sandeep Joshi,Nephrology,Mon-Sat 8AM-1PM,2026-05-08 09:30:00
Dr. Pooja Desai,General Medicine,Mon-Sat 8AM-6PM,2026-05-02 08:00:00
Dr. Pooja Desai,General Medicine,Mon-Sat 8AM-6PM,2026-05-02 09:00:00
Dr. Pooja Desai,General Medicine,Mon-Sat 8AM-6PM,2026-05-02 11:00:00
Dr. Pooja Desai,General Medicine,Mon-Sat 8AM-6PM,2026-05-02 14:00:00
Dr. Pooja Desai,General Medicine,Mon-Sat 8AM-6PM,2026-05-03 08:30:00
Dr. Pooja Desai,General Medicine,Mon-Sat 8AM-6PM,2026-05-03 10:00:00
Dr. Pooja Desai,General Medicine,Mon-Sat 8AM-6PM,2026-05-03 15:00:00
Dr. Pooja Desai,General Medicine,Mon-Sat 8AM-6PM,2026-05-04 09:00:00
Dr. Pooja Desai,General Medicine,Mon-Sat 8AM-6PM,2026-05-04 13:00:00
Dr. Pooja Desai,General Medicine,Mon-Sat 8AM-6PM,2026-05-05 08:00:00
Dr. Harish Tiwari,ENT,Mon-Sat 9AM-2PM,2026-05-02 09:00:00
Dr. Harish Tiwari,ENT,Mon-Sat 9AM-2PM,2026-05-02 10:00:00
Dr. Harish Tiwari,ENT,Mon-Sat 9AM-2PM,2026-05-03 09:30:00
Dr. Harish Tiwari,ENT,Mon-Sat 9AM-2PM,2026-05-03 11:00:00
Dr. Harish Tiwari,ENT,Mon-Sat 9AM-2PM,2026-05-04 09:00:00
Dr. Harish Tiwari,ENT,Mon-Sat 9AM-2PM,2026-05-04 10:30:00
Dr. Harish Tiwari,ENT,Mon-Sat 9AM-2PM,2026-05-05 09:00:00
Dr. Harish Tiwari,ENT,Mon-Sat 9AM-2PM,2026-05-06 11:00:00
Dr. Harish Tiwari,ENT,Mon-Sat 9AM-2PM,2026-05-07 09:30:00
Dr. Harish Tiwari,ENT,Mon-Sat 9AM-2PM,2026-05-08 10:00:00
Dr. Kavitha Sundaram,Hematology,Tue-Thu-Sat 10AM-3PM,2026-05-05 10:00:00
Dr. Kavitha Sundaram,Hematology,Tue-Thu-Sat 10AM-3PM,2026-05-05 11:30:00
Dr. Kavitha Sundaram,Hematology,Tue-Thu-Sat 10AM-3PM,2026-05-05 13:00:00
Dr. Kavitha Sundaram,Hematology,Tue-Thu-Sat 10AM-3PM,2026-05-07 10:00:00
Dr. Kavitha Sundaram,Hematology,Tue-Thu-Sat 10AM-3PM,2026-05-07 11:00:00
Dr. Kavitha Sundaram,Hematology,Tue-Thu-Sat 10AM-3PM,2026-05-07 14:00:00
Dr. Kavitha Sundaram,Hematology,Tue-Thu-Sat 10AM-3PM,2026-05-09 10:30:00
Dr. Kavitha Sundaram,Hematology,Tue-Thu-Sat 10AM-3PM,2026-05-09 12:00:00
Dr. Kavitha Sundaram,Hematology,Tue-Thu-Sat 10AM-3PM,2026-05-09 13:30:00
Dr. Kavitha Sundaram,Hematology,Tue-Thu-Sat 10AM-3PM,2026-05-12 10:00:00
Dr. Ravi Shankar,Radiology,Mon-Fri 8AM-4PM,2026-05-04 08:00:00
Dr. Ravi Shankar,Radiology,Mon-Fri 8AM-4PM,2026-05-04 09:00:00
Dr. Ravi Shankar,Radiology,Mon-Fri 8AM-4PM,2026-05-04 11:00:00
Dr. Ravi Shankar,Radiology,Mon-Fri 8AM-4PM,2026-05-04 14:00:00
Dr. Ravi Shankar,Radiology,Mon-Fri 8AM-4PM,2026-05-05 08:30:00
Dr. Ravi Shankar,Radiology,Mon-Fri 8AM-4PM,2026-05-05 10:00:00
Dr. Ravi Shankar,Radiology,Mon-Fri 8AM-4PM,2026-05-06 09:00:00
Dr. Ravi Shankar,Radiology,Mon-Fri 8AM-4PM,2026-05-06 13:00:00
Dr. Ravi Shankar,Radiology,Mon-Fri 8AM-4PM,2026-05-07 08:00:00
Dr. Ravi Shankar,Radiology,Mon-Fri 8AM-4PM,2026-05-07 15:00:00
Dr. Smitha Nambiar,Anesthesiology,Mon-Sat 7AM-3PM,2026-05-02 07:00:00
Dr. Smitha Nambiar,Anesthesiology,Mon-Sat 7AM-3PM,2026-05-02 08:00:00
Dr. Smitha Nambiar,Anesthesiology,Mon-Sat 7AM-3PM,2026-05-03 07:30:00
Dr. Smitha Nambiar,Anesthesiology,Mon-Sat 7AM-3PM,2026-05-03 09:00:00
Dr. Smitha Nambiar,Anesthesiology,Mon-Sat 7AM-3PM,2026-05-04 07:00:00
Dr. Smitha Nambiar,Anesthesiology,Mon-Sat 7AM-3PM,2026-05-04 10:00:00
Dr. Smitha Nambiar,Anesthesiology,Mon-Sat 7AM-3PM,2026-05-05 07:30:00
Dr. Smitha Nambiar,Anesthesiology,Mon-Sat 7AM-3PM,2026-05-06 08:00:00
Dr. Smitha Nambiar,Anesthesiology,Mon-Sat 7AM-3PM,2026-05-07 07:00:00
Dr. Smitha Nambiar,Anesthesiology,Mon-Sat 7AM-3PM,2026-05-08 09:00:00
Dr. Gopal Reddy,Plastic Surgery,Wed-Fri-Sat 10AM-3PM,2026-05-06 10:00:00
Dr. Gopal Reddy,Plastic Surgery,Wed-Fri-Sat 10AM-3PM,2026-05-06 11:00:00
Dr. Gopal Reddy,Plastic Surgery,Wed-Fri-Sat 10AM-3PM,2026-05-06 13:00:00
Dr. Gopal Reddy,Plastic Surgery,Wed-Fri-Sat 10AM-3PM,2026-05-08 10:00:00
Dr. Gopal Reddy,Plastic Surgery,Wed-Fri-Sat 10AM-3PM,2026-05-08 11:30:00
Dr. Gopal Reddy,Plastic Surgery,Wed-Fri-Sat 10AM-3PM,2026-05-08 14:00:00
Dr. Gopal Reddy,Plastic Surgery,Wed-Fri-Sat 10AM-3PM,2026-05-09 10:30:00
Dr. Gopal Reddy,Plastic Surgery,Wed-Fri-Sat 10AM-3PM,2026-05-09 12:00:00
Dr. Gopal Reddy,Plastic Surgery,Wed-Fri-Sat 10AM-3PM,2026-05-13 10:00:00
Dr. Gopal Reddy,Plastic Surgery,Wed-Fri-Sat 10AM-3PM,2026-05-13 13:30:00
Dr. Farida Khan,Infectious Disease,Mon-Fri 10AM-2PM,2026-05-04 10:00:00
Dr. Farida Khan,Infectious Disease,Mon-Fri 10AM-2PM,2026-05-04 11:00:00
Dr. Farida Khan,Infectious Disease,Mon-Fri 10AM-2PM,2026-05-05 10:30:00
Dr. Farida Khan,Infectious Disease,Mon-Fri 10AM-2PM,2026-05-05 12:00:00
Dr. Farida Khan,Infectious Disease,Mon-Fri 10AM-2PM,2026-05-06 10:00:00
Dr. Farida Khan,Infectious Disease,Mon-Fri 10AM-2PM,2026-05-06 13:00:00
Dr. Farida Khan,Infectious Disease,Mon-Fri 10AM-2PM,2026-05-07 10:00:00
Dr. Farida Khan,Infectious Disease,Mon-Fri 10AM-2PM,2026-05-07 11:30:00
Dr. Farida Khan,Infectious Disease,Mon-Fri 10AM-2PM,2026-05-08 10:00:00
Dr. Farida Khan,Infectious Disease,Mon-Fri 10AM-2PM,2026-05-08 13:30:00
